page,ga_google_organic_sessions_feb,ga_google_organic_sessions_mar,ga_delta_pct,gsc_clicks_feb,gsc_clicks_mar,gsc_delta_pct,ga_minus_gsc_delta_pct
/epargne/fiscalite-cto,3,47,1466.7,2,64,3100.0,-1633.3
/gestion-de-patrimoine/meilleurs-robo-advisors,9,15,66.7,2,19,850.0,-783.3
/gestion-de-patrimoine/alternatives-family-office,3,4,33.3,1,6,500.0,-466.7
/academy/analyses,6,6,0.0,2,7,250.0,-250.0
/epargne/per-pea-assurance-vie,19,18,-5.3,3,9,200.0,-205.3
/gestion-de-patrimoine/sci,56,58,3.6,1,3,200.0,-196.4
/epargne/livret-a-perte-pouvoir-achat,3,1,-66.7,1,2,100.0,-166.7
/private-equity/rpei-performances,18,13,-27.8,6,14,133.3,-161.1
/gestion-de-patrimoine/contrat-capitalisation-personne-morale,4,23,475.0,3,22,633.3,-158.3
/avis/fpci-adelie-remploi-1,5,6,20.0,3,8,166.7,-146.7
/gestion-de-patrimoine/placement-tresorerie-holding,10,8,-20.0,4,9,125.0,-145.0
/avis/scpi-corum-eurion,7,9,28.6,3,8,166.7,-138.1
/avis/scpi-coeur-de-regions,6,4,-33.3,2,4,100.0,-133.3
/crypto/solana,10,2,-80.0,2,3,50.0,-130.0
/academy/webinars-podcasts,31,31,0.0,7,15,114.3,-114.3
/epargne/ldds,68,98,44.1,26,67,157.7,-113.6
/gestion-de-patrimoine/crowdfunding-immobilier,27,20,-25.9,8,15,87.5,-113.4
/produits/personne-morale,45,32,-28.9,6,11,83.3,-112.2
/gestion-de-patrimoine/combiner-achat-residence-principale-et-investissement-locatif,21,21,0.0,19,40,110.5,-110.5
/scpi/frais,45,15,-66.7,7,10,42.9,-109.5
/scpi/rscpi-t2-2025,3,0,-100.0,2,2,0.0,-100.0
/avis/fia-multi-bl4,3,1,-66.7,3,4,33.3,-100.0
/epargne/combien-avoir-de-cote-a-60-ans,111,129,16.2,111,235,111.7,-95.5
/finance-quantitative/calcul-performances-methodologie-ramify,19,9,-52.6,12,16,33.3,-86.0
/bourse/quand-investir,98,116,18.4,81,165,103.7,-85.3
/gestion-de-patrimoine/bspce,69,37,-46.4,11,15,36.4,-82.7
/gestion-de-patrimoine/scpi-ou-investissement-locatif,7,5,-28.6,2,3,50.0,-78.6
/avis/matis,11,11,0.0,4,7,75.0,-75.0
/assurance-vie/fiscalite,981,732,-25.4,13,19,46.2,-71.5
/private-equity/rpei-methodologie,3,1,-66.7,2,2,0.0,-66.7
/gestion-de-patrimoine/meilleures-plateformes,36,20,-44.4,18,22,22.2,-66.7
/gestion-de-patrimoine/placement-luxembourg,12,10,-16.7,6,9,50.0,-66.7
/scpi/nue-propriete,27,23,-14.8,4,6,50.0,-64.8
/avis/fcpr-peqan-convictions-2023,14,9,-35.7,14,18,28.6,-64.3
/private-equity/fonds-de-fonds,21,3,-85.7,9,7,-22.2,-63.5
/bourse/ou-va-mon-argent-quand-jinvestis-en-bourse,21,22,4.8,22,37,68.2,-63.4
/avis/scpi-upeka,8,3,-62.5,3,3,0.0,-62.5
/private-equity/venture-capital,55,27,-50.9,36,40,11.1,-62.0
/avis/fpci-altaroc-odyssey-2025,63,42,-33.3,49,63,28.6,-61.9
/portefeuilles/essential,93,59,-36.6,16,20,25.0,-61.6
/private-equity/assurance-vie-ou-direct,18,13,-27.8,18,24,33.3,-61.1
/gestion-de-patrimoine/fonds-investissement-alternatif,45,30,-33.3,44,56,27.3,-60.6
/scpi/ou-crowdfunding-immobilier,5,2,-60.0,2,2,0.0,-60.0
/epargne/combien-avoir-de-cote-a-50-ans,970,483,-50.2,1200,1312,9.3,-59.5
/scpi/scpi-credit-vs-versements-programmes,4,3,-25.0,3,4,33.3,-58.3
/avis/fcpr-multi-strategies-2,18,10,-44.4,15,17,13.3,-57.8
/produits/assurance-vie-mineur,47,39,-17.0,10,14,40.0,-57.0
/private-equity/fcpr-private-value-3,42,20,-52.4,23,24,4.3,-56.7
/epargne/livret-a-plafond,1944,1268,-34.8,1868,2276,21.8,-56.6
/gestion-de-patrimoine/fiscalite-expatrie,75,48,-36.0,50,60,20.0,-56.0
/per/private-equity,27,10,-63.0,13,12,-7.7,-55.3
/avis/scpi-lf-opportunite-immo,8,2,-75.0,5,4,-20.0,-55.0
/assurance-vie/luxembourgeoise,42,32,-23.8,20,26,30.0,-53.8
/bourse/etf-ou-opcvm,237,131,-44.7,188,204,8.5,-53.2
/scpi/pleine-propriete,14,4,-71.4,10,8,-20.0,-51.4
/avis/fpci-quaero-infrastructure-private-investors,5,5,0.0,2,3,50.0,-50.0
/avis/scpi-corum-xl,2,1,-50.0,3,3,0.0,-50.0
/private-equity/fpci,36,36,0.0,34,51,50.0,-50.0
/epargne/assurance-vie-ou-per,66,33,-50.0,1,1,0.0,-50.0
/avis/fcpr-123-corporate-2024,6,3,-50.0,5,5,0.0,-50.0
/private-equity/performance-vs-fiscal,6,3,-50.0,5,5,0.0,-50.0
/avis/fcpi-dividendes-plus-n12,4,2,-50.0,4,4,0.0,-50.0
/avis/scpi-paref-hexa,8,0,-100.0,2,1,-50.0,-50.0
/avis/fcpr-entrepreneurs-selection-secondaire-2,23,14,-39.1,19,21,10.5,-49.7
/avis/scpi-vendome-regions,54,26,-51.9,45,44,-2.2,-49.6
/avis/fcpi-eurazeo-ambition-europe-2025,17,15,-11.8,16,22,37.5,-49.3
/epargne/taux-livret-a,140,169,20.7,91,153,68.1,-47.4
/assurance-vie/perte-argent,978,599,-38.8,1140,1237,8.5,-47.3
/produits/assurance-vie-luxembourgeoise,219,130,-40.6,77,82,6.5,-47.1
/avis/fps-keys-selection,17,31,82.4,14,32,128.6,-46.2
/epargne/interessement-participation,337,324,-3.9,272,387,42.3,-46.1
/gestion-de-patrimoine/placement-court-terme,149,125,-16.1,107,139,29.9,-46.0
/gestion-de-patrimoine/plateforme,24,16,-33.3,16,18,12.5,-45.8
/bourse/etf-sp-500,663,394,-40.6,434,451,3.9,-44.5
/avis/scpi-sofidynamic,21,9,-57.1,7,6,-14.3,-42.9
/crypto/stablecoins,42,12,-71.4,38,27,-28.9,-42.5
/epargne/enveloppe-fiscale,29,15,-48.3,17,16,-5.9,-42.4
/epargne/combien-rapportent-50000-euros-places,134,87,-35.1,114,122,7.0,-42.1
/per/perte-capital,177,152,-14.1,227,290,27.8,-41.9
/assurance-vie/choisir,19,9,-52.6,9,8,-11.1,-41.5
/epargne/plafond-cel-atteint,272,184,-32.4,230,251,9.1,-41.5
/a-propos/team,181,104,-42.5,82,81,-1.2,-41.3
/epargne/assurance-vie-ou-livret-a,130,70,-46.2,59,56,-5.1,-41.1
/defiscalisation/niche-fiscale,52,25,-51.9,36,32,-11.1,-40.8
/gestion-de-patrimoine/donation-100000-euros,865,533,-38.4,611,624,2.1,-40.5
/avis,96,39,-59.4,120,97,-19.2,-40.2
/gestion-de-patrimoine/club-deal-immobilier,48,23,-52.1,39,34,-12.8,-39.3
/scpi/demembrement-pleine-propriete,23,14,-39.1,21,21,0.0,-39.1
/gestion-de-patrimoine/montage-holding,55,44,-20.0,21,25,19.0,-39.0
/finance-quantitative/ramify-rebalancing-tool-arbitrage-optimise-portefeuille,9,1,-88.9,6,3,-50.0,-38.9
/academy/articles,34,34,0.0,13,18,38.5,-38.5
/avis/scpi-cristal-life,30,12,-60.0,23,18,-21.7,-38.3
/gestion-de-patrimoine/investissement-vert,29,18,-37.9,29,29,0.0,-37.9
/per/transfert,68,49,-27.9,20,22,10.0,-37.9
/epargne/gestion-horizon,16,10,-37.5,14,14,0.0,-37.5
/epargne/combien-avoir-de-cote-a-30-ans,313,181,-42.2,323,308,-4.6,-37.5
/pea/jeune,55,33,-40.0,39,38,-2.6,-37.4
/per/frais,94,53,-43.6,75,70,-6.7,-37.0
/assurance-vie/ou-contrat-de-capitalisation,100,43,-57.0,10,8,-20.0,-37.0
/gestion-de-patrimoine/proprietaire-vs-locataire-3,35,24,-31.4,19,20,5.3,-36.7
/scpi/assurance-vie-ou-direct,54,26,-51.9,13,11,-15.4,-36.5
/scpi/meilleures,44,28,-36.4,7,7,0.0,-36.4
/per/gestion-pilotee,30,13,-56.7,29,23,-20.7,-36.0
/avis/fps-tikehau-private-assets,25,14,-44.0,25,23,-8.0,-36.0
/assurance-vie/enfant-mineur,67,41,-38.8,34,33,-2.9,-35.9
/pea/perte,262,139,-46.9,294,260,-11.6,-35.4
/per/fiscalite,397,257,-35.3,11,11,0.0,-35.3
/avis/fips-partners-group-secondary-viii-strategy,17,13,-23.5,18,20,11.1,-34.6
/gestion-de-patrimoine/meilleur-fonds-alternatif,134,77,-42.5,106,97,-8.5,-34.0
/pea/transfert,174,77,-55.7,156,122,-21.8,-34.0
/private-equity/meilleurs-fpci,77,55,-28.6,78,82,5.1,-33.7
/avis/fps-multifonds-archinvest-dette-privee-1,9,6,-33.3,8,8,0.0,-33.3
/epargne/comment-investir,14,8,-42.9,10,9,-10.0,-32.9
/a-propos/tarifs,131,102,-22.1,102,113,10.8,-32.9
/epargne/epargne-moyenne-des-francais,2407,1560,-35.2,2327,2269,-2.5,-32.7
/epargne/unite-de-compte,80,35,-56.2,17,13,-23.5,-32.7
/scpi/sortir-d-un-investissement-en-scpi,90,58,-35.6,29,28,-3.4,-32.1
/avis/fps-swen-exclusive-infrastructures-2,14,4,-71.4,10,6,-40.0,-31.4
/epargne/combien-avoir-de-cote-40-ans,343,148,-56.9,364,271,-25.5,-31.3
/gestion-de-patrimoine/robo-advisor,17,13,-23.5,13,14,7.7,-31.2
/gestion-de-patrimoine/meilleures-banques-privees,507,296,-41.6,474,424,-10.5,-31.1
/avis/fps-opale-strategies-credits-tactiques,21,19,-9.5,19,23,21.1,-30.6
/epargne/per-ou-pea,147,71,-51.7,123,97,-21.1,-30.6
/crypto,27,12,-55.6,8,6,-25.0,-30.6
/produits/produits-structures,85,59,-30.6,24,24,0.0,-30.6
/pea/gestion-pilotee,188,94,-50.0,132,106,-19.7,-30.3
/gestion-de-patrimoine/pret-immobilier-sans-apport,5,1,-80.0,2,1,-50.0,-30.0
/crypto/defi,5,6,20.0,2,3,50.0,-30.0
/outils/calculatrice-interet-compose,1510,761,-49.6,786,631,-19.7,-29.9
/epargne/placement-rentable,90,31,-65.6,56,36,-35.7,-29.8
/private-equity/marche,82,42,-48.8,68,55,-19.1,-29.7
/pea/choisir,37,8,-78.4,16,8,-50.0,-28.4
/epargne/plafond-atteint-pel,557,295,-47.0,470,382,-18.7,-28.3
/gestion-de-patrimoine/placement-tresorerie-entreprise,44,42,-4.5,17,21,23.5,-28.1
/gestion-de-patrimoine/placer-argent-rapporte-mensuellement,86,35,-59.3,89,61,-31.5,-27.8
/crypto/etf-ethereum,80,28,-65.0,67,42,-37.3,-27.7
/gestion-de-patrimoine/banque-privee,236,111,-53.0,242,179,-26.0,-26.9
/defiscalisation/plf-loi-finances,27,14,-48.1,23,18,-21.7,-26.4
/assurance-vie/transfert,155,64,-58.7,120,81,-32.5,-26.2
/private-equity/fcpi,56,30,-46.4,39,31,-20.5,-25.9
/pea/retrait,2052,804,-60.8,1830,1187,-35.1,-25.7
/gestion-de-patrimoine/meilleurs-fonds-monetaires,259,164,-36.7,285,253,-11.2,-25.5
/gestion-de-patrimoine/proprietaire-vs-locataire-2,6,6,0.0,4,5,25.0,-25.0
/private-equity/fonds-semi-liquide,16,23,43.8,16,27,68.8,-25.0
/epargne/retraite-independant-tns,42,25,-40.5,19,16,-15.8,-24.7
/epargne/investir-100000-euros,1306,523,-60.0,1388,896,-35.4,-24.5
/wealth-tour,107,55,-48.6,33,25,-24.2,-24.4
/crypto/ethereum,31,9,-71.0,15,8,-46.7,-24.3
/avis/fcpr-eurazeo-entrepreneurs-club-3,20,12,-40.0,19,16,-15.8,-24.2
/gestion-de-patrimoine/meilleurs-cabinets,632,427,-32.4,570,522,-8.4,-24.0
/private-equity/fip,17,3,-82.4,12,5,-58.3,-24.0
/bourse/sp-500,543,361,-33.5,538,487,-9.5,-24.0
/avis/scpi-edmond-de-rothschild-europa,23,6,-73.9,6,3,-50.0,-23.9
/private-equity/apport-cession-150-0-b-ter,270,191,-29.3,205,194,-5.4,-23.9
/scpi/fiscalite,66,24,-63.6,25,15,-40.0,-23.6
/epargne/diversifier,79,42,-46.8,60,46,-23.3,-23.5
/gestion-de-patrimoine/taux-marginal-imposition,470,347,-26.2,147,142,-3.4,-22.8
/epargne/combien-rapportent-500-000-euros-places,226,125,-44.7,203,158,-22.2,-22.5
/private-equity/guide-private-debt,89,83,-6.7,90,104,15.6,-22.3
/private-equity/fonds-evergreen,70,32,-54.3,43,29,-32.6,-21.7
/gestion-de-patrimoine/fonds-monetaire,114,58,-49.1,91,66,-27.5,-21.7
/assurance-vie/luxembourg-fiscalite,29,15,-48.3,15,11,-26.7,-21.6
/private-equity/fiscalite,98,74,-24.5,102,99,-2.9,-21.5
/gestion-de-patrimoine/family-office,213,137,-35.7,154,132,-14.3,-21.4
/assurance-vie/etf,263,105,-60.1,227,138,-39.2,-20.9
/gestion-de-patrimoine/credit-lombard,255,107,-58.0,242,152,-37.2,-20.8
/produits/assurance-vie,1594,1023,-35.8,766,648,-15.4,-20.4
/pea/succession,679,293,-56.8,592,376,-36.5,-20.4
/offres/ramify-black,219,125,-42.9,53,41,-22.6,-20.3
/produits/per,494,308,-37.7,154,127,-17.5,-20.1
/bourse/etf-pea-assurance-vie,139,68,-51.1,139,96,-30.9,-20.1
/private-equity/multifonds-archinvest-lbo1,10,4,-60.0,5,3,-40.0,-20.0
/newsletter,29,17,-41.4,14,11,-21.4,-20.0
/crypto/fiscalite,216,98,-54.6,169,110,-34.9,-19.7
/private-equity/meilleurs-fcpr,140,58,-58.6,128,78,-39.1,-19.5
/livre-blanc,54,44,-18.5,8,8,0.0,-18.5
/epargne/taux-ldds,94,44,-53.2,98,64,-34.7,-18.5
/assurance-vie/gestion-libre-ou-pilotee,43,18,-58.1,40,24,-40.0,-18.1
/outils/simulateur-droit-succession,1287,565,-56.1,927,575,-38.0,-18.1
/epargne/combien-rapportent-1-million-euros-places,537,246,-54.2,479,305,-36.3,-17.9
/assurance-vie/meilleures-luxembourgeoises,117,91,-22.2,45,43,-4.4,-17.8
/avis/scpi-primopierre,191,105,-45.0,186,135,-27.4,-17.6
/epargne/compte-a-terme,1429,685,-52.1,1235,807,-34.7,-17.4
/private-equity/fcpr,36,28,-22.2,20,19,-5.0,-17.2
/avis/scpi-epargne-pierre,27,14,-48.1,16,11,-31.2,-16.9
/gestion-de-patrimoine/flat-tax,1743,817,-53.1,1287,820,-36.3,-16.8
/produits-structures/meilleurs,440,148,-66.4,417,210,-49.6,-16.7
/gestion-de-patrimoine/investir-art,70,45,-35.7,47,38,-19.1,-16.6
/private-equity/meilleurs-fonds,349,145,-58.5,288,167,-42.0,-16.4
/portefeuilles/flagship,101,74,-26.7,19,17,-10.5,-16.2
/pea/plafond,332,174,-47.6,305,209,-31.5,-16.1
/pea/fiscalite,97,41,-57.7,72,42,-41.7,-16.1
/pea/etf,4058,1910,-52.9,3092,1947,-37.0,-15.9
/private-equity/meilleurs-fonds-evergreen,197,111,-43.7,182,131,-28.0,-15.6
/avis/scpi-corum-origin,37,6,-83.8,35,11,-68.6,-15.2
/pea/frais,493,177,-64.1,525,268,-49.0,-15.1
/gestion-de-patrimoine/exit-startup,15,7,-53.3,13,8,-38.5,-14.9
/a-propos/fondateurs,139,89,-36.0,84,66,-21.4,-14.5
/crypto/etf-bitcoin,335,108,-67.8,293,137,-53.2,-14.5
/private-equity/leveraged-buy-out,47,36,-23.4,33,30,-9.1,-14.3
/bourse/msci-world,568,308,-45.8,525,360,-31.4,-14.3
/assurance-vie/retrait-assurance-vie-8-ans,1677,857,-48.9,848,548,-35.4,-13.5
/gestion-de-patrimoine/crowdfunding-ou-club-deal-immobilier,21,14,-33.3,15,12,-20.0,-13.3
/bourse/cac-40,143,86,-39.9,124,91,-26.6,-13.2
/produits/credit-lombard,56,39,-30.4,29,24,-17.2,-13.1
/avis/scpi-comete,35,13,-62.9,16,8,-50.0,-12.9
/pea/meilleur,209,87,-58.4,134,73,-45.5,-12.9
/gestion-de-patrimoine/cash-out,70,32,-54.3,77,45,-41.6,-12.7
/gestion-de-patrimoine/global-investment-perspectives-2026,24,3,-87.5,8,2,-75.0,-12.5
/private-equity/eurazeo-entrepreneurs-club-ii,8,3,-62.5,8,4,-50.0,-12.5
/epargne/trois-types-de-depenses-un-seul-peut-enrichir,21,10,-52.4,20,12,-40.0,-12.4
/scpi/rscpi-performances,25,13,-48.0,14,9,-35.7,-12.3
/crypto/comment-investir,38,31,-18.4,46,43,-6.5,-11.9
/per/plafond,177,104,-41.2,105,74,-29.5,-11.7
/avis/fps-pams-pe-carlyle-access-fund-2024,7,2,-71.4,5,2,-60.0,-11.4
/gestion-de-patrimoine/placer-heritage,53,19,-64.2,36,17,-52.8,-11.4
/avis/fpci-wenova-transition,37,25,-32.4,28,22,-21.4,-11.0
/avis/fcpr-eurazeo-private-value-europe-3,110,66,-40.0,110,78,-29.1,-10.9
/avis/scpi-epsilon-360,15,3,-80.0,13,4,-69.2,-10.8
/comparatif/vs-banque-privee,11,8,-27.3,12,10,-16.7,-10.6
/avis/scpi-pierval-sante,60,23,-61.7,43,21,-51.2,-10.5
/epargne/alternatives-livret-a,63,25,-60.3,20,10,-50.0,-10.3
/defiscalisation/pacte-dutreil,5,2,-60.0,4,2,-50.0,-10.0
/epargne/que-faire-quand-mon-ldds-est-plein,522,197,-62.3,483,229,-52.6,-9.7
/,12423,9941,-20.0,7379,6610,-10.4,-9.6
/assurance-vie/luxembourgeoise-choisir,39,10,-74.4,23,8,-65.2,-9.1
/avis/slp-eurazeo-secondary-feeder-fund-v,12,10,-16.7,13,12,-7.7,-9.0
/bourse/meilleur-etf,2269,1016,-55.2,1825,981,-46.2,-9.0
/produits/livret-epargne,365,287,-21.4,128,112,-12.5,-8.9
/avis/scpi-darwin-re01,9,1,-88.9,5,1,-80.0,-8.9
/finance-quantitative,101,123,21.8,89,116,30.3,-8.6
/gestion-de-patrimoine/banque-privee-en-ligne,54,56,3.7,50,56,12.0,-8.3
/private-equity/barometre,10,0,-100.0,12,1,-91.7,-8.3
/espace-presse,32,40,25.0,6,8,33.3,-8.3
/gestion-de-patrimoine/investir-or,205,143,-30.2,18,14,-22.2,-8.0
/avis/scpi-pfo,14,3,-78.6,24,7,-70.8,-7.7
/portefeuilles/elite,181,107,-40.9,71,47,-33.8,-7.1
/bourse/comment-investir,35,21,-40.0,6,4,-33.3,-6.7
/crypto/meilleure-plateforme,1860,335,-82.0,1842,453,-75.4,-6.6
/defiscalisation/reduction-ifi,154,96,-37.7,60,41,-31.7,-6.0
/avis/scpi-immorente,41,14,-65.9,40,16,-60.0,-5.9
/avis/fpci-european-infragreen-strategy,9,1,-88.9,6,1,-83.3,-5.6
/assurance-vie/frais,179,134,-25.1,102,82,-19.6,-5.5
/blog/levee-serie-a,33,22,-33.3,53,38,-28.3,-5.0
/produits/compte-a-terme,249,172,-30.9,99,73,-26.3,-4.7
/avis/fpci-private-stars-selection-4,12,6,-50.0,11,6,-45.5,-4.5
/etf,101,97,-4.0,18,18,0.0,-4.0
/epargne/pea-ou-assurance-vie,103,41,-60.2,16,7,-56.2,-3.9
/gestion-de-patrimoine/opcvm,35,34,-2.9,15,15,0.0,-2.9
/produits-structures,72,70,-2.8,5,5,0.0,-2.8
/offres,275,199,-27.6,52,39,-25.0,-2.6
/avis/scpi-iroko-zen,52,29,-44.2,49,28,-42.9,-1.4
/bourse/etf-monde,166,120,-27.7,102,75,-26.5,-1.2
/epargne/contrat-capitalisation,166,154,-7.2,16,15,-6.2,-1.0
/produits/crypto,93,41,-55.9,40,18,-55.0,-0.9
/private-equity/eltif,87,60,-31.0,82,57,-30.5,-0.5
/private-equity/rpei-performances-t2-2024,1,1,0.0,1,1,0.0,0.0
/scpi/ramify-scpi-index-rscpi-analyse-du-t3-2025,1,2,100.0,1,2,100.0,0.0
/epargne/pourquoi-epargner,2,2,0.0,1,1,0.0,0.0
/avis/fcpr-anaxago-society-2023,5,0,-100.0,5,0,-100.0,0.0
/avis/scpi-ncap-continent,3,0,-100.0,1,0,-100.0,0.0
/avis/scpi-elevation-tertiom,9,0,-100.0,7,0,-100.0,0.0
/avis/scpi-novapierre-1,1,0,-100.0,1,0,-100.0,0.0
/private-equity/ramify-private-equity-index-rpei-analyse-des-performances-au-t3-2024,1,0,-100.0,1,0,-100.0,0.0
/avis/scpi-altixia-commerces,2,4,100.0,1,2,100.0,0.0
/private-equity/barometre-private-equity-2024,1,0,-100.0,1,0,-100.0,0.0
/avis/fps-global-private-debt-strategies,9,4,-55.6,7,3,-57.1,1.6
/gestion-de-patrimoine/meilleur-placement-senior,895,127,-85.8,730,88,-87.9,2.1
/avis/fps-novaxia-one,19,13,-31.6,20,13,-35.0,3.4
/assurance-vie/succession,1411,896,-36.5,10,6,-40.0,3.5
/avis/tikehau-european-private-credit,47,33,-29.8,57,38,-33.3,3.5
/portefeuilles/green,24,8,-66.7,27,8,-70.4,3.7
/private-equity/infrastructure,43,33,-23.3,37,27,-27.0,3.8
/avis/scpi-transitions-europe,40,29,-27.5,35,24,-31.4,3.9
/scpi/scpi-a-credit,17,12,-29.4,21,14,-33.3,3.9
/scpi/ramify-scpi-index-rscpi,12,8,-33.3,16,10,-37.5,4.2
/bourse/obligations-bilan-2024-perspectives-2025,21,12,-42.9,17,9,-47.1,4.2
/epargne/fonds-euros,140,102,-27.1,43,29,-32.6,5.4
/scpi/ou-sci,16,1,-93.8,1,0,-100.0,6.2
/private-equity,89,63,-29.2,48,31,-35.4,6.2
/pea,251,148,-41.0,130,65,-50.0,9.0
/avis/fips-x-fund,39,47,20.5,50,55,10.0,10.5
/epargne/compte-titres,97,63,-35.1,37,20,-45.9,10.9
/private-equity/secondaire,12,17,41.7,10,13,30.0,11.7
/avis/axclimat-1,8,11,37.5,8,10,25.0,12.5
/gestion-de-patrimoine/compte-titres-luxembourg-societe,11,3,-72.7,14,2,-85.7,13.0
/assurance-vie/meilleure,234,230,-1.7,58,49,-15.5,13.8
/scpi/fiscalite-des-scpi-internationales,81,49,-39.5,30,14,-53.3,13.8
/scpi/succession,82,35,-57.3,43,12,-72.1,14.8
/private-equity/selection-fonds-private-equity,3,2,-33.3,4,2,-50.0,16.7
/gestion-de-patrimoine/opci,6,7,16.7,5,5,0.0,16.7
/epargne/compte-titres-ou-assurance-vie,25,16,-36.0,17,8,-52.9,16.9
/produits/pea,378,369,-2.4,41,33,-19.5,17.1
/private-equity/meilleurs-fcpi,13,11,-15.4,18,12,-33.3,17.9
/avis/scpi-remake-live,27,13,-51.9,10,3,-70.0,18.1
/performances,675,429,-36.4,316,139,-56.0,19.6
/avis/scpi-log-in,5,4,-20.0,5,3,-40.0,20.0
/assurance-vie/unites-de-compte-ou-fonds-euros,63,71,12.7,11,10,-9.1,21.8
/avis/scpi-novaxia-neo,12,7,-41.7,11,4,-63.6,22.0
/avis/scpi-coeur-europe,9,9,0.0,9,7,-22.2,22.2
/gestion-de-patrimoine/meilleurs-placements-financiers,118,102,-13.6,56,35,-37.5,23.9
/avis/scpi-rivoli-avenir-patrimoine,44,25,-43.2,28,9,-67.9,24.7
/gestion-de-patrimoine/contrat-capitalisation-luxembourgeois-personne-morale,4,1,-75.0,6,0,-100.0,25.0
/avis/fcpi-eurazeo-patrimoine-2024,4,1,-75.0,1,0,-100.0,25.0
/epargne/pea-ou-compte-titres,66,42,-36.4,13,5,-61.5,25.2
/defiscalisation,36,20,-44.4,10,3,-70.0,25.6
/produits/art,68,59,-13.2,23,14,-39.1,25.9
/private-equity/re-up,26,26,0.0,23,17,-26.1,26.1
/per/meilleur,79,70,-11.4,24,15,-37.5,26.1
/per/deblocage-sortie,295,225,-23.7,12,6,-50.0,26.3
/avis/fpci-entrepreneurs-croissance-5,3,5,66.7,5,7,40.0,26.7
/epargne/preparer-retraite-40-ans,15,4,-73.3,4,0,-100.0,26.7
/avis/scpi-corum-usa,5,3,-40.0,6,2,-66.7,26.7
/per,41,44,7.3,36,29,-19.4,26.8
/gestion-de-patrimoine/donation-cession,7,2,-71.4,16,0,-100.0,28.6
/avis/fip-kalliste-capital-17,8,6,-25.0,13,6,-53.8,28.8
/defiscalisation/loi-girardin,163,88,-46.0,29,7,-75.9,29.8
/gestion-de-patrimoine/fonds-diversifie,9,8,-11.1,16,9,-43.8,32.6
/scpi/comment-choisir,11,7,-36.4,13,4,-69.2,32.9
/comparatif/vs-robo-advisor,3,1,-66.7,1,0,-100.0,33.3
/scpi/scpi-a-capital-variable-vs-capital-fixe,21,7,-66.7,3,0,-100.0,33.3
/private-equity/fcpr-bpifrance-entreprises-2,16,15,-6.2,5,3,-40.0,33.8
/scpi/ou-opci,8,3,-62.5,1,0,-100.0,37.5
/gestion-de-patrimoine/transmission,34,23,-32.4,7,2,-71.4,39.1
/gestion-de-patrimoine/donation,89,124,39.3,3,3,0.0,39.3
/fiscalite,82,38,-53.7,15,1,-93.3,39.7
/scpi/scpi-de-rendement,5,7,40.0,4,4,0.0,40.0
/gestion-de-patrimoine/ingenierie-patrimoniale,5,4,-20.0,5,2,-60.0,40.0
/produits/private-equity,275,320,16.4,119,89,-25.2,41.6
/assurance-vie/rendement,41,63,53.7,48,52,8.3,45.3
/private-equity/growth,8,15,87.5,12,17,41.7,45.8
/scpi/scpi-fiscales,2,2,0.0,2,1,-50.0,50.0
/private-equity/fcpi-alto-innovation-2022,1,1,0.0,2,1,-50.0,50.0
/finance-quantitative/comment-fait-on-pour-optimiser-votre-epargne,2,1,-50.0,1,0,-100.0,50.0
/epargne/livret-bancaire,27,26,-3.7,24,11,-54.2,50.5
/avis/fpci-altaroc-odyssey-2024,5,9,80.0,7,9,28.6,51.4
/avis/scpi-sofidy-europe-invest,19,15,-21.1,12,3,-75.0,53.9
/crypto/bitcoin,10,9,-10.0,6,2,-66.7,56.7
/assurance-vie,121,168,38.8,33,27,-18.2,57.0
/avis/scpi-kyaneos-pierre,3,2,-33.3,1,0,-100.0,66.7
/ironman,173,232,34.1,47,30,-36.2,70.3
/produits/club-deal,82,123,50.0,24,19,-20.8,70.8
/epargne/placements-sans-risque,37,33,-10.8,19,2,-89.5,78.7
/livre-vert,11,9,-18.2,2,0,-100.0,81.8
/per/choisir,9,12,33.3,8,4,-50.0,83.3
/avis/scpi-mistral-selection,8,16,100.0,6,7,16.7,83.3
/scpi,31,38,22.6,11,4,-63.6,86.2
/academy,80,88,10.0,17,4,-76.5,86.5
/produits/scpi,183,278,51.9,43,25,-41.9,93.8
/private-equity/ramify-private-equity-index-rpei-analyse-des-performances-au-t1-2025,1,2,100.0,1,1,0.0,100.0
/finance-quantitative/democratiser-investissement-haut-de-gamme-la-performance-dun-portefeuille,1,2,100.0,1,1,0.0,100.0
/private-equity/rpei-performances-t1-2024,1,1,0.0,1,0,-100.0,100.0
/avis/scpi-cristal-rente,1,6,500.0,1,5,400.0,100.0
/gestion-de-patrimoine/proprietaire-vs-locataire-1,1,1,0.0,4,0,-100.0,100.0
/scpi/scpi-de-capitalisation,1,1,0.0,2,0,-100.0,100.0
/contact,251,580,131.1,47,61,29.8,101.3
/gestion-de-patrimoine/fiscalite-art,6,14,133.3,7,8,14.3,119.0
/avis/scpi-epargne-pierre-europe,11,20,81.8,11,5,-54.5,136.4
/epargne/alternatives-ldds,5,15,200.0,5,4,-20.0,220.0
/gestion-de-patrimoine/performances-2024,1,3,200.0,5,2,-60.0,260.0
/campagnes/assurance-vie-ramify,11,92,736.4,3,13,333.3,403.0
/defiscalisation/baisser-revenu-fiscal-reference,1,47,4600.0,3,56,1766.7,2833.3
/blog/levee-serie-a&source=gmail&ust=1720794320090000&usg=AOvVaw2kM3PXipC5V_AhBwWEqvw5,1,0,-100.0,0,0,,
/espace-presse?0be8282a_page=32&9f97ee88_page=3,0,0,,0,0,,
/espace-presse?0be8282a_page=34&cb5feade_page=7,0,0,,0,0,,
/avis/scpi-ncap-education-sante,0,0,,0,0,,
/bourse,5,1,-80.0,0,0,,
/espace-presse?0be8282a_page=2&9f97ee88_page=2,0,0,,0,0,,
/private-equity/eurazeo-entrepreneurs-club-iii,0,1,,0,0,,
/espace-presse?0be8282a_page=44&9f97ee88_page=3,0,0,,0,0,,
/access/login,0,1,,0,0,,
/defiscalisation/oeuvre-art,0,4,,0,4,,
/account/login,0,2,,0,0,,
/myaccount/login,0,1,,0,0,,
/espace-presse?0be8282a_page=10,0,0,,0,0,,
/academy/analyses?ebb49213_page=2,0,0,,4,0,-100.0,
/modals-2,0,0,,0,0,,
/defiscalisation/plf-2026,0,1,,0,1,,
/sign-in.php,0,1,,0,0,,
/private-equity/contruire-portefeuille-optimal-fcpi,1,0,-100.0,0,1,,
/espace-presse?0be8282a_page=32,0,0,,0,0,,
/espace-presse?9f97ee88_page=2,0,0,,0,1,,
/gestion-de-patrimoine/pierre-papier,1,0,-100.0,0,0,,
/gestion-de-patrimoine/holding-patrimoniale,0,1,,0,0,,
/espace-presse?0be8282a_page=19,0,0,,0,0,,
/espace-presse?0be8282a_page=3&cb5feade_page=4,0,0,,0,0,,
/immobilier,3,0,-100.0,0,0,,
/espace-presse?0be8282a_page=6,0,0,,0,0,,
/offre,0,1,,0,0,,
/ramify-login,0,1,,0,0,,
/gestion-de-patrimoine/coaching-pratique-finances-ou-commencer,0,0,,0,0,,
/login.html,0,1,,0,0,,
/profile/login,0,1,,0,0,,
/espace-presse?0be8282a_page=35,0,0,,0,1,,
/private-equity/rpei-performances-t2-2025,0,1,,0,0,,
/simulateur droit de succession,0,1,,0,0,,
/produits/xfund-b2c,0,1,,0,0,,
/espace-presse?0be8282a_page=36&9f97ee88_page=3,0,0,,0,0,,
/epargne/contrat-capitalisation-vs-assurance-vie,0,1,,0,0,,
/art,0,2,,0,0,,
/academy/analyses?ebb49213_page=3,0,0,,0,0,,
/defiscalisation/art,1,0,-100.0,0,0,,
/espace-presse?0be8282a_page=26,0,0,,0,0,,
/espace-presse/une-assurance-vie-luxembourgeoise-100-digitale-accessible-des-100-000-eu,1,0,-100.0,0,0,,
/espace-presse?0be8282a_page=34,0,0,,0,0,,
/espace-presse?0be8282a_page=10&9f97ee88_page=2,0,0,,0,0,,
/academy/analyses?ebb49213_page=9,0,0,,1,0,-100.0,
/academy/webinars-podcasts?659b5600_page=5,0,0,,0,0,,
/espace-presse/outil-fiscalite,3,2,-33.3,0,0,,
/blog/banque-privee,0,1,,0,0,,
/espace-presse?0be8282a_page=6&9f97ee88_page=3,0,0,,0,0,,
/private-equity/rpei-performances-t4-2024,0,1,,0,0,,
/user/login,0,2,,0,0,,
/equipe,0,1,,0,0,,
/log-in,0,2,,0,0,,
/auth/login,0,2,,0,0,,
/academy/webinars-podcasts?659b5600_page=3,0,0,,1,1,0.0,
/evenements/ramify-invite-altaroc,1,0,-100.0,0,0,,
/avis/scpi-esg-pierre-capitale,1,2,100.0,0,0,,
/private-equity/barometre-ramify-le-private-equity-et-les-epargnants-en-2023,0,0,,0,0,,
/epargne/introduction-mecanismes-argent,0,0,,0,0,,
/espace-presse?0be8282a_page=15,0,0,,0,0,,
/connexion,7,3,-57.1,0,0,,
/epargne/ma-retraite-de-base-en-tant-que-salarie-dans-le-secteur-prive,0,2,,0,0,,
/campagnes/private-assets,96,2,-97.9,0,0,,
/espace-presse?0be8282a_page=13&9f97ee88_page=2,0,0,,0,0,,
/avis/fips-private-corner-buyout-eqt-strategy,1,1,0.0,0,0,,
/customer/account/login,0,1,,0,0,,
/droit de succession,0,1,,0,0,,
/espace-presse?0be8282a_page=45&9f97ee88_page=2,0,0,,0,0,,
/legal/contact,31,21,-32.3,0,0,,
/espace-presse?0be8282a_page=40,0,0,,0,0,,
/offres/solutions-investissement,0,1,,0,0,,
/academy/webinars-podcasts?659b5600_page=2,0,0,,1,0,-100.0,
/avis/scpi-efimmo-1,1,0,-100.0,0,0,,
/gestion-de-patrimoine/bilan-2023-perspectives-2024-macro-economie,1,1,0.0,0,0,,
/structure,2,1,-50.0,0,0,,
/espace-presse?0be8282a_page=29,0,0,,0,0,,
/scpi/remake-live,1,0,-100.0,0,0,,
/espace-presse?0be8282a_page=14,0,0,,0,0,,
/signin.html,0,1,,0,0,,
/academy/analyses?77d69e4b_page=2&ebb49213_page=5,0,0,,0,1,,
/espace-presse?0be8282a_page=8,0,0,,2,0,-100.0,
/espace-presse?0be8282a_page=3&cb5feade_page=2,0,0,,0,0,,
/academy/analyses?77d69e4b_page=2&ebb49213_page=8,0,0,,0,0,,
/bourse/bilan-2023-perspectives-2024-actions,0,0,,0,0,,
/academy/epargne/investir-avec-une-banque-en-ligne,0,1,,0,0,,
/account/access,0,1,,0,0,,
/outil-defiscalisation,0,1,,0,0,,
/crypto/meillehistoire islamic pour fille ure-plateforme,1,0,-100.0,0,0,,
/avis/june-opportunity,0,1,,0,2,,
/lounge,2,0,-100.0,0,0,,
/espace-presse?0be8282a_page=34&9f97ee88_page=3,0,0,,0,0,,
/gestion-de-patrimoine/contrat-capitalisation-francais-ou-luxembourgeois-personne-morale,2,5,150.0,0,8,,
/espace-presse?0be8282a_page=46&9f97ee88_page=2,0,0,,0,0,,
/investissements,0,1,,0,0,,
/espace-presse?0be8282a_page=41,0,0,,0,0,,
/signin,0,2,,0,0,,
/academy/analyses?77d69e4b_page=5&ebb49213_page=1,0,0,,0,0,,
//checkout,1,1,0.0,0,0,,
/espace-presse?0be8282a_page=45,0,0,,0,0,,
/epargne/preparer-retraite,2,5,150.0,0,0,,
/performances/ouverture,0,2,,0,0,,
/espace-presse?0be8282a_page=11,0,0,,0,0,,
/espace-presse?9f97ee88_page=3,0,0,,0,0,,
/espace-presse?0be8282a_page=45&9f97ee88_page=1,0,0,,0,0,,
/member/login,0,1,,0,0,,
/campagnes/personne-morale,0,0,,0,0,,
/session/login,0,2,,0,0,,
/gestion-de-patrimoine/bilan-patrimonial,0,1,,0,1,,
/espace-presse?0be8282a_page=33&9f97ee88_page=2,0,0,,0,0,,
/scpi/tout-sur-la-fiscalite-des-scpi,0,1,,0,0,,
/espace-presse?0be8282a_page=40&9f97ee88_page=3,0,0,,0,0,,
/academy/analyses?77d69e4b_page=5,0,0,,0,0,,
/espace-presse?0be8282a_page=46&9f97ee88_page=3,0,0,,0,0,,
/espace-presse?0be8282a_page=16,0,0,,0,0,,
/wealth-tour-2027,1,0,-100.0,0,0,,
/espace-presse?0be8282a_page=2,0,0,,3,2,-33.3,
/campagnes/per?utm_source=Economix&utm_medium=referral,0,0,,4,3,-25.0,
/espace-presse?0be8282a_page=21&9f97ee88_page=3,0,0,,0,0,,
/legal/politique-de-confidentialite,18,16,-11.1,0,0,,
/espace-presse?0be8282a_page=12&9f97ee88_page=2,0,0,,0,0,,
/espace-presse?0be8282a_page=46,0,0,,0,0,,
/private-equity/buyout-guide-complet,0,1,,0,0,,
/blog/etf-pea,1,0,-100.0,0,0,,
/outils,0,1,,0,0,,
/campagnes/private-equity,241,383,58.9,0,0,,
/espace-presse/performances-2024,0,3,,0,0,,
/espace-presse?0be8282a_page=45&9f97ee88_page=3,0,0,,0,0,,
/gestion-de-patrimoine/compte-titres-francais-ou-luxembourgeois,0,1,,0,0,,
//offres,30,17,-43.3,0,0,,
/account/signin,0,1,,0,0,,
/design-system,0,1,,0,0,,
/tools/compound-interest-calculator,1,0,-100.0,0,0,,
/sign-in,0,2,,0,0,,
/academy/epargne/transferer-un-per,1,0,-100.0,0,0,,
/espace-presse?0be8282a_page=39,0,0,,0,0,,
/produits,0,1,,0,0,,
/epargne/investir-1000000  EUROS,1,0,-100.0,0,0,,
/a-propos,0,1,,0,0,,
/espace-presse?0be8282a_page=10&9f97ee88_page=3,0,0,,0,0,,
/dde,0,1,,0,0,,
"/linear-gradient(rgba(239, 194, 126, 0), rgba(239, 194, 126, 0.2))",0,1,,0,0,,
/espace-presse?0be8282a_page=7&4bdaa271_page=2,0,0,,0,0,,
/customer/login,0,2,,0,0,,
/gestion-de-patrimoine/impot-societes,0,1,,0,1,,
/espace-presse?0be8282a_page=37&9f97ee88_page=3,0,0,,0,0,,
/scpi/rscpi-bilan-2024-perspectives-2025,0,1,,0,0,,
/espace-presse?0be8282a_page=7&cb5feade_page=8,0,0,,0,0,,
/campagnes/assurance-vie,142,264,85.9,0,0,,
/academy/analyses?ebb49213_page=5,0,0,,0,0,,
/gestion-de-patrimoine/meilleurs-contrats-capitalisation-luxembourgeois,0,1,,0,0,,
/defiscalisation/ir-pme,0,0,,0,0,,
/gestion-de-patrimoine/proprietaire-vs-locataire-episode-4-le-guide-pour-savoir-ce-qui-vous-correspond,2,0,-100.0,0,1,,
/espace-presse?0be8282a_page=21,0,0,,0,0,,
/espace-presse?0be8282a_page=9,0,0,,0,0,,
/gestion-de-patrimoine/contrat-de-capitalisation-luxembourgeois-ou-francais,0,3,,0,2,,
/blog/ma-retraite-de-base-en-tant-que-salarie-dans-le-secteur-prive,0,19,,0,0,,
/espace-presse?0be8282a_page=35&9f97ee88_page=3,0,0,,0,0,,
(not set),3903,3034,-22.3,0,0,,
/espace-presse?0be8282a_page=23,0,0,,0,0,,
/gestion-de-patrimoine/placement-tresorerie-entreprise`,2,0,-100.0,0,0,,
/gestion-de-patrimoine/outlook-2026-global-investment-perspectives,4,1,-75.0,0,0,,
/legal/mentions,8,8,0.0,0,0,,
/academy/analyses?ebb49213_page=6,0,0,,0,0,,
/espace-presse?0be8282a_page=8&9f97ee88_page=3,0,0,,0,0,,
/academy/webinars-podcasts?5760b50a_page=2&659b5600_page=3&6d838c95_page=2,0,0,,1,0,-100.0,
/epargne/coaching-pratique-finances-ou-commencer,0,1,,0,0,,
/members/login,0,1,,0,0,,
/espace-presse?0be8282a_page=3&9f97ee88_page=3,0,0,,1,0,-100.0,
/espace-presse?0be8282a_page=39&9f97ee88_page=2,0,0,,0,0,,
/bourse/actions-bilan-2024-perspectives-2025,0,1,,0,2,,
/legal/politique-des-cookies,4,1,-75.0,0,0,,
/scpi/rscpi-t2-2023,0,0,,0,0,,
/espace-presse?0be8282a_page=20,0,0,,0,0,,
/espace-presse?0be8282a_page=7&9f97ee88_page=3,0,0,,0,0,,
/espace-presse?0be8282a_page=39&9f97ee88_page=3,0,0,,0,0,,
/espace-presse?0be8282a_page=44,0,0,,0,0,,
/academy/webinars-podcasts?659b5600_page=4,0,0,,0,0,,
/espace-presse?0be8282a_page=36&9f97ee88_page=2,0,0,,0,1,,
/users/login,0,2,,0,0,,
/academy/analyses?ebb49213_page=7,0,0,,0,0,,
/academy/analyses?77d69e4b_page=4&ebb49213_page=8,0,0,,0,0,,
/gestion-de-patrimoine/coaching-pratique-besoin-cash,0,0,,0,0,,
/gestion-de-patrimoine,0,1,,0,0,,
/epargne/proprietaire-vs-locataire-4-guide,0,1,,0,0,,
/avis/slp-morgan-stanley-dette-privee-europe,5,3,-40.0,0,0,,
/blog/ma-retraite-complementaire-en-tant-que-salarie-dans-le-secteur-prive,9,27,200.0,0,0,,
/scpi/rscpi-t3-2023,0,0,,0,0,,
/espace-presse?0be8282a_page=5&9f97ee88_page=3,0,0,,0,1,,
/espace-presse?0be8282a_page=24&9f97ee88_page=2,0,0,,0,0,,
/episod,179,22,-87.7,0,0,,
/evenements/wealth-tour-2026,0,0,,3,0,-100.0,
/academy/produitsramify/democratiser-linvestissement-haut-de-gamme-2-3-la-place-du-risque,0,1,,0,0,,
/private-equity/rpei-,0,1,,0,0,,
/gestion-de-patrimoine/contrat-de-capitalisation-luxembourgeois,0,1,,0,0,,
/utilisateur/connexion,0,1,,0,0,,
/blog,0,1,,0,0,,
/espace-presse?0be8282a_page=9&9f97ee88_page=3,0,0,,0,0,,
/scpi/rscpi-t1-2025,0,0,,0,1,,
/espace-presse?0be8282a_page=41&9f97ee88_page=3,0,0,,0,0,,
/user/signin,0,2,,0,0,,
/defiscalisation/reduire-supprimer-impots-revenus-locatifs,53,58,9.4,0,1,,
/campagnes/pea,4,9,125.0,0,0,,
/gestion-de-patrimoine/investir-immobilier-locatif,21,25,19.0,0,1,,
/espace-presse?0be8282a_page=42&9f97ee88_page=2,0,0,,0,0,,
/login.php,0,1,,0,0,,
/immobilier/catalogue,10,1,-90.0,0,0,,
/finance-quantitative/democratiser-investissement-haut-de-gamme-la-diversification,0,2,,0,1,,
/espace-presse?0be8282a_page=26&9f97ee88_page=2,0,0,,0,0,,
/campagnes/per,14,7,-50.0,0,0,,
/espace-presse?0be8282a_page=30&9f97ee88_page=2,0,0,,0,0,,
/espace-presse?0be8282a_page=44&9f97ee88_page=2,0,0,,0,1,,
/gestion-de-patrimoine/impot-fortune-immobiliere,0,7,,0,3,,
/utm_source=Lacourdesgrands&utm_medium=referral,0,1,,0,0,,
/scpi/rscpi-t1-2024,0,0,,0,0,,
/espace-presse?0be8282a_page=4&9f97ee88_page=2,0,0,,0,0,,
/espace-presse?0be8282a_page=38&9f97ee88_page=3,0,0,,0,0,,
/espace-presse?0be8282a_page=7&cb5feade_page=4,0,0,,0,0,,
/gestion-pilotee,0,1,,0,0,,
/login/account,0,1,,0,0,,
/invest,2,0,-100.0,0,0,,
/academy/analyses?ebb49213_page=4,0,0,,0,1,,
/finance-quantitative/democratiser-investissement-haut-de-gamme-la-place-du-risque,1,1,0.0,0,0,,
/dfedfe,0,1,,0,0,,
/academy/analyses?77d69e4b_page=6,0,0,,2,0,-100.0,
/espace-presse?0be8282a_page=13,0,0,,0,0,,
/avis/scpi-urban-coeur-commerce,1,0,-100.0,0,0,,
/espace-presse?0be8282a_page=8&9f97ee88_page=2,0,0,,1,0,-100.0,
/finance-quantitative/ramify-rebalancing-tool-arbitrage-optimi[…]_hsmi=112215052&utm_content=112215052&utm_source=hs_automation,1,0,-100.0,0,0,,
/blog/combien-rapportent-1-million-euros-places,4,0,-100.0,0,0,,
/espace-presse?0be8282a_page=4&9f97ee88_page=3,0,0,,0,0,,
/campagnes/scpi,17,165,870.6,0,0,,
/epargne,1,0,-100.0,0,0,,
/private-equity/catalogue,9,2,-77.8,0,0,,
/login,0,2,,0,0,,
/merci,71,32,-54.9,0,0,,
/espace-presse?0be8282a_page=47,0,0,,0,0,,
/espace-presse?0be8282a_page=4,0,0,,0,0,,
/app/login,0,2,,0,0,,
/espace-presse?0be8282a_page=32&9f97ee88_page=2,0,0,,0,0,,
/index.php,0,2,,0,0,,
/scpi/rscpi-t2-2024,0,1,,0,1,,
/bourse/bilan-2023-perspectives-2024---le-marche-des-obligations,0,1,,0,0,,
/gestion-de-patrimoine/compte-titres-francais-ou-luxembourgeois-personne-morale,0,9,,0,9,,
/academy/webinars-podcasts?659b5600_page=6,0,0,,1,0,-100.0,
/scpi/rscpi-t4-2023,0,0,,0,0,,
/campagne-ramify-black,170,35,-79.4,0,0,,
/blog/statistics/fr/epargne-moyenne-francais,1,0,-100.0,0,0,,
/contact-pro,0,1,,0,0,,
/scpi/rscpi-t3-2024,0,1,,0,0,,
/assurance-vie/taux-fonds-euros,0,1,,0,0,,
/gestion-de-patrimoine/compte-pro-remunere,0,1,,0,0,,
/espace-presse?0be8282a_page=3&9f97ee88_page=1,0,0,,0,0,,
